section id,recording id,timestamp [ns]
f04c7b44-5076-4f28-a28d-7b7863f63221,b2345e8e-d5d9-49fe-a6bc-2a04432a24e5,1685088812484000000
f04c7b44-5076-4f28-a28d-7b7863f63221,b2345e8e-d5d9-49fe-a6bc-2a04432a24e5,1685088812534000000
f04c7b44-5076-4f28-a28d-7b7863f63221,b2345e8e-d5d9-49fe-a6bc-2a04432a24e5,1685088812584000000
f04c7b44-5076-4f28-a28d-7b7863f63221,b2345e8e-d5d9-49fe-a6bc-2a04432a24e5,1685088812634000000
f04c7b44-5076-4f28-a28d-7b7863f63221,b2345e8e-d5d9-49fe-a6bc-2a04432a24e5,1685088812684000000
f04c7b44-5076-4f28-a28d-7b7863f63221,b2345e8e-d5d9-49fe-a6bc-2a04432a24e5,1685088812734000000
f04c7b44-5076-4f28-a28d-7b7863f63221,b2345e8e-d5d9-49fe-a6bc-2a04432a24e5,1685088812784000000
f04c7b44-5076-4f28-a28d-7b7863f63221,b2345e8e-d5d9-49fe-a6bc-2a04432a24e5,1685088812834000000
f04c7b44-5076-4f28-a28d-7b7863f63221,b2345e8e-d5d9-49fe-a6bc-2a04432a24e5,1685088812884000000
f04c7b44-5076-4f28-a28d-7b7863f63221,b2345e8e-d5d9-49fe-a6bc-2a04432a24e5,1685088812934000000
f04c7b44-5076-4f28-a28d-7b7863f63221,b2345e8e-d5d9-49fe-a6bc-2a04432a24e5,1685088812984000000
f04c7b44-5076-4f28-a28d-7b7863f63221,b2345e8e-d5d9-49fe-a6bc-2a04432a24e5,1685088813034000000
f04c7b44-5076-4f28-a28d-7b7863f63221,b2345e8e-d5d9-49fe-a6bc-2a04432a24e5,1685088813084000000
f04c7b44-5076-4f28-a28d-7b7863f63221,b2345e8e-d5d9-49fe-a6bc-2a04432a24e5,1685088813134000000
f04c7b44-5076-4f28-a28d-7b7863f63221,b2345e8e-d5d9-49fe-a6bc-2a04432a24e5,1685088813184000000
f04c7b44-5076-4f28-a28d-7b7863f63221,b2345e8e-d5d9-49fe-a6bc-2a04432a24e5,1685088813234000000
f04c7b44-5076-4f28-a28d-7b7863f63221,b2345e8e-d5d9-49fe-a6bc-2a04432a24e5,1685088813284000000
f04c7b44-5076-4f28-a28d-7b7863f63221,b2345e8e-d5d9-49fe-a6bc-2a04432a24e5,1685088813334000000
f04c7b44-5076-4f28-a28d-7b7863f63221,b2345e8e-d5d9-49fe-a6bc-2a04432a24e5,1685088813384000000
f04c7b44-5076-4f28-a28d-7b7863f63221,b2345e8e-d5d9-49fe-a6bc-2a04432a24e5,1685088813434000000
f04c7b44-5076-4f28-a28d-7b7863f63221,b2345e8e-d5d9-49fe-a6bc-2a04432a24e5,1685088813484000000
f04c7b44-5076-4f28-a28d-7b7863f63221,b2345e8e-d5d9-49fe-a6bc-2a04432a24e5,1685088813534000000
f04c7b44-5076-4f28-a28d-7b7863f63221,b2345e8e-d5d9-49fe-a6bc-2a04432a24e5,1685088813584000000
f04c7b44-5076-4f28-a28d-7b7863f63221,b2345e8e-d5d9-49fe-a6bc-2a04432a24e5,1685088813634000000
f04c7b44-5076-4f28-a28d-7b7863f63221,b2345e8e-d5d9-49fe-a6bc-2a04432a24e5,1685088813684000000
f04c7b44-5076-4f28-a28d-7b7863f63221,b2345e8e-d5d9-49fe-a6bc-2a04432a24e5,1685088813734000000
f04c7b44-5076-4f28-a28d-7b7863f63221,b2345e8e-d5d9-49fe-a6bc-2a04432a24e5,1685088813784000000
f04c7b44-5076-4f28-a28d-7b7863f63221,b2345e8e-d5d9-49fe-a6bc-2a04432a24e5,1685088813834000000
f04c7b44-5076-4f28-a28d-7b7863f63221,b2345e8e-d5d9-49fe-a6bc-2a04432a24e5,1685088813865822222
f04c7b44-5076-4f28-a28d-7b7863f63221,b2345e8e-d5d9-49fe-a6bc-2a04432a24e5,1685088813895444444
f04c7b44-5076-4f28-a28d-7b7863f63221,b2345e8e-d5d9-49fe-a6bc-2a04432a24e5,1685088813924877777
f04c7b44-5076-4f28-a28d-7b7863f63221,b2345e8e-d5d9-49fe-a6bc-2a04432a24e5,1685088813955211111
f04c7b44-5076-4f28-a28d-7b7863f63221,b2345e8e-d5d9-49fe-a6bc-2a04432a24e5,1685088813997277777
f04c7b44-5076-4f28-a28d-7b7863f63221,b2345e8e-d5d9-49fe-a6bc-2a04432a24e5,1685088814028966666
f04c7b44-5076-4f28-a28d-7b7863f63221,b2345e8e-d5d9-49fe-a6bc-2a04432a24e5,1685088814062822222
f04c7b44-5076-4f28-a28d-7b7863f63221,b2345e8e-d5d9-49fe-a6bc-2a04432a24e5,1685088814099633333
f04c7b44-5076-4f28-a28d-7b7863f63221,b2345e8e-d5d9-49fe-a6bc-2a04432a24e5,1685088814133400000
f04c7b44-5076-4f28-a28d-7b7863f63221,b2345e8e-d5d9-49fe-a6bc-2a04432a24e5,1685088814159366666
f04c7b44-5076-4f28-a28d-7b7863f63221,b2345e8e-d5d9-49fe-a6bc-2a04432a24e5,1685088814193088888
f04c7b44-5076-4f28-a28d-7b7863f63221,b2345e8e-d5d9-49fe-a6bc-2a04432a24e5,1685088814226155555
f04c7b44-5076-4f28-a28d-7b7863f63221,b2345e8e-d5d9-49fe-a6bc-2a04432a24e5,1685088814259644444
f04c7b44-5076-4f28-a28d-7b7863f63221,b2345e8e-d5d9-49fe-a6bc-2a04432a24e5,1685088814292444444
f04c7b44-5076-4f28-a28d-7b7863f63221,b2345e8e-d5d9-49fe-a6bc-2a04432a24e5,1685088814324644444
f04c7b44-5076-4f28-a28d-7b7863f63221,b2345e8e-d5d9-49fe-a6bc-2a04432a24e5,1685088814356755555
f04c7b44-5076-4f28-a28d-7b7863f63221,b2345e8e-d5d9-49fe-a6bc-2a04432a24e5,1685088814395322222
f04c7b44-5076-4f28-a28d-7b7863f63221,b2345e8e-d5d9-49fe-a6bc-2a04432a24e5,1685088814429600000
f04c7b44-5076-4f28-a28d-7b7863f63221,b2345e8e-d5d9-49fe-a6bc-2a04432a24e5,1685088814461855555
f04c7b44-5076-4f28-a28d-7b7863f63221,b2345e8e-d5d9-49fe-a6bc-2a04432a24e5,1685088814499255555
f04c7b44-5076-4f28-a28d-7b7863f63221,b2345e8e-d5d9-49fe-a6bc-2a04432a24e5,1685088814532388888
f04c7b44-5076-4f28-a28d-7b7863f63221,b2345e8e-d5d9-49fe-a6bc-2a04432a24e5,1685088814557077777
f04c7b44-5076-4f28-a28d-7b7863f63221,b2345e8e-d5d9-49fe-a6bc-2a04432a24e5,1685088814593233333
f04c7b44-5076-4f28-a28d-7b7863f63221,b2345e8e-d5d9-49fe-a6bc-2a04432a24e5,1685088814624200000
f04c7b44-5076-4f28-a28d-7b7863f63221,b2345e8e-d5d9-49fe-a6bc-2a04432a24e5,1685088814656311111
f04c7b44-5076-4f28-a28d-7b7863f63221,b2345e8e-d5d9-49fe-a6bc-2a04432a24e5,1685088814694111111
f04c7b44-5076-4f28-a28d-7b7863f63221,b2345e8e-d5d9-49fe-a6bc-2a04432a24e5,1685088814730477777
f04c7b44-5076-4f28-a28d-7b7863f63221,b2345e8e-d5d9-49fe-a6bc-2a04432a24e5,1685088814756777777
f04c7b44-5076-4f28-a28d-7b7863f63221,b2345e8e-d5d9-49fe-a6bc-2a04432a24e5,1685088814794322222
f04c7b44-5076-4f28-a28d-7b7863f63221,b2345e8e-d5d9-49fe-a6bc-2a04432a24e5,1685088814824988888
f04c7b44-5076-4f28-a28d-7b7863f63221,b2345e8e-d5d9-49fe-a6bc-2a04432a24e5,1685088814857166666
f04c7b44-5076-4f28-a28d-7b7863f63221,b2345e8e-d5d9-49fe-a6bc-2a04432a24e5,1685088814895766666
f04c7b44-5076-4f28-a28d-7b7863f63221,b2345e8e-d5d9-49fe-a6bc-2a04432a24e5,1685088814926011111
f04c7b44-5076-4f28-a28d-7b7863f63221,b2345e8e-d5d9-49fe-a6bc-2a04432a24e5,1685088814959900000
f04c7b44-5076-4f28-a28d-7b7863f63221,b2345e8e-d5d9-49fe-a6bc-2a04432a24e5,1685088814997988888
f04c7b44-5076-4f28-a28d-7b7863f63221,b2345e8e-d5d9-49fe-a6bc-2a04432a24e5,1685088815026611111
f04c7b44-5076-4f28-a28d-7b7863f63221,b2345e8e-d5d9-49fe-a6bc-2a04432a24e5,1685088815061622222
f04c7b44-5076-4f28-a28d-7b7863f63221,b2345e8e-d5d9-49fe-a6bc-2a04432a24e5,1685088815097977777
f04c7b44-5076-4f28-a28d-7b7863f63221,b2345e8e-d5d9-49fe-a6bc-2a04432a24e5,1685088815127377777
f04c7b44-5076-4f28-a28d-7b7863f63221,b2345e8e-d5d9-49fe-a6bc-2a04432a24e5,1685088815161988888
f04c7b44-5076-4f28-a28d-7b7863f63221,b2345e8e-d5d9-49fe-a6bc-2a04432a24e5,1685088815198466666
f04c7b44-5076-4f28-a28d-7b7863f63221,b2345e8e-d5d9-49fe-a6bc-2a04432a24e5,1685088815226711111
f04c7b44-5076-4f28-a28d-7b7863f63221,b2345e8e-d5d9-49fe-a6bc-2a04432a24e5,1685088815261533333
f04c7b44-5076-4f28-a28d-7b7863f63221,b2345e8e-d5d9-49fe-a6bc-2a04432a24e5,1685088815297511111
f04c7b44-5076-4f28-a28d-7b7863f63221,b2345e8e-d5d9-49fe-a6bc-2a04432a24e5,1685088815326677777
f04c7b44-5076-4f28-a28d-7b7863f63221,b2345e8e-d5d9-49fe-a6bc-2a04432a24e5,1685088815361733333
f04c7b44-5076-4f28-a28d-7b7863f63221,b2345e8e-d5d9-49fe-a6bc-2a04432a24e5,1685088815394755555
f04c7b44-5076-4f28-a28d-7b7863f63221,b2345e8e-d5d9-49fe-a6bc-2a04432a24e5,1685088815427022222
f04c7b44-5076-4f28-a28d-7b7863f63221,b2345e8e-d5d9-49fe-a6bc-2a04432a24e5,1685088815462755555
f04c7b44-5076-4f28-a28d-7b7863f63221,b2345e8e-d5d9-49fe-a6bc-2a04432a24e5,1685088815497788888
f04c7b44-5076-4f28-a28d-7b7863f63221,b2345e8e-d5d9-49fe-a6bc-2a04432a24e5,1685088815527288888
f04c7b44-5076-4f28-a28d-7b7863f63221,b2345e8e-d5d9-49fe-a6bc-2a04432a24e5,1685088815559888888
f04c7b44-5076-4f28-a28d-7b7863f63221,b2345e8e-d5d9-49fe-a6bc-2a04432a24e5,1685088815595966666
f04c7b44-5076-4f28-a28d-7b7863f63221,b2345e8e-d5d9-49fe-a6bc-2a04432a24e5,1685088815624322222
f04c7b44-5076-4f28-a28d-7b7863f63221,b2345e8e-d5d9-49fe-a6bc-2a04432a24e5,1685088815657144444
f04c7b44-5076-4f28-a28d-7b7863f63221,b2345e8e-d5d9-49fe-a6bc-2a04432a24e5,1685088815695600000
f04c7b44-5076-4f28-a28d-7b7863f63221,b2345e8e-d5d9-49fe-a6bc-2a04432a24e5,1685088815730522222
f04c7b44-5076-4f28-a28d-7b7863f63221,b2345e8e-d5d9-49fe-a6bc-2a04432a24e5,1685088815761777777
f04c7b44-5076-4f28-a28d-7b7863f63221,b2345e8e-d5d9-49fe-a6bc-2a04432a24e5,1685088815797322222
f04c7b44-5076-4f28-a28d-7b7863f63221,b2345e8e-d5d9-49fe-a6bc-2a04432a24e5,1685088815829533333
f04c7b44-5076-4f28-a28d-7b7863f63221,b2345e8e-d5d9-49fe-a6bc-2a04432a24e5,1685088815865477777
f04c7b44-5076-4f28-a28d-7b7863f63221,b2345e8e-d5d9-49fe-a6bc-2a04432a24e5,1685088815900522222
f04c7b44-5076-4f28-a28d-7b7863f63221,b2345e8e-d5d9-49fe-a6bc-2a04432a24e5,1685088815926811111
f04c7b44-5076-4f28-a28d-7b7863f63221,b2345e8e-d5d9-49fe-a6bc-2a04432a24e5,1685088815960700000
f04c7b44-5076-4f28-a28d-7b7863f63221,b2345e8e-d5d9-49fe-a6bc-2a04432a24e5,1685088815997744444
f04c7b44-5076-4f28-a28d-7b7863f63221,b2345e8e-d5d9-49fe-a6bc-2a04432a24e5,1685088816032822222
f04c7b44-5076-4f28-a28d-7b7863f63221,b2345e8e-d5d9-49fe-a6bc-2a04432a24e5,1685088816063644444
f04c7b44-5076-4f28-a28d-7b7863f63221,b2345e8e-d5d9-49fe-a6bc-2a04432a24e5,1685088816100488888
f04c7b44-5076-4f28-a28d-7b7863f63221,b2345e8e-d5d9-49fe-a6bc-2a04432a24e5,1685088816129700000
f04c7b44-5076-4f28-a28d-7b7863f63221,b2345e8e-d5d9-49fe-a6bc-2a04432a24e5,1685088816163000000
f04c7b44-5076-4f28-a28d-7b7863f63221,b2345e8e-d5d9-49fe-a6bc-2a04432a24e5,1685088816200311111
f04c7b44-5076-4f28-a28d-7b7863f63221,b2345e8e-d5d9-49fe-a6bc-2a04432a24e5,1685088816227077777
f04c7b44-5076-4f28-a28d-7b7863f63221,b2345e8e-d5d9-49fe-a6bc-2a04432a24e5,1685088816264933333
f04c7b44-5076-4f28-a28d-7b7863f63221,b2345e8e-d5d9-49fe-a6bc-2a04432a24e5,1685088816297588888
f04c7b44-5076-4f28-a28d-7b7863f63221,b2345e8e-d5d9-49fe-a6bc-2a04432a24e5,1685088816330044444
f04c7b44-5076-4f28-a28d-7b7863f63221,b2345e8e-d5d9-49fe-a6bc-2a04432a24e5,1685088816366155555
f04c7b44-5076-4f28-a28d-7b7863f63221,b2345e8e-d5d9-49fe-a6bc-2a04432a24e5,1685088816399300000
f04c7b44-5076-4f28-a28d-7b7863f63221,b2345e8e-d5d9-49fe-a6bc-2a04432a24e5,1685088816429533333
f04c7b44-5076-4f28-a28d-7b7863f63221,b2345e8e-d5d9-49fe-a6bc-2a04432a24e5,1685088816461977777
f04c7b44-5076-4f28-a28d-7b7863f63221,b2345e8e-d5d9-49fe-a6bc-2a04432a24e5,1685088816500066666
f04c7b44-5076-4f28-a28d-7b7863f63221,b2345e8e-d5d9-49fe-a6bc-2a04432a24e5,1685088816529899999
f04c7b44-5076-4f28-a28d-7b7863f63221,b2345e8e-d5d9-49fe-a6bc-2a04432a24e5,1685088816561633333
f04c7b44-5076-4f28-a28d-7b7863f63221,b2345e8e-d5d9-49fe-a6bc-2a04432a24e5,1685088816595466666
f04c7b44-5076-4f28-a28d-7b7863f63221,b2345e8e-d5d9-49fe-a6bc-2a04432a24e5,1685088816630211111
f04c7b44-5076-4f28-a28d-7b7863f63221,b2345e8e-d5d9-49fe-a6bc-2a04432a24e5,1685088816662411111
f04c7b44-5076-4f28-a28d-7b7863f63221,b2345e8e-d5d9-49fe-a6bc-2a04432a24e5,1685088816697877777
f04c7b44-5076-4f28-a28d-7b7863f63221,b2345e8e-d5d9-49fe-a6bc-2a04432a24e5,1685088816730122222
f04c7b44-5076-4f28-a28d-7b7863f63221,b2345e8e-d5d9-49fe-a6bc-2a04432a24e5,1685088816762766666
f04c7b44-5076-4f28-a28d-7b7863f63221,b2345e8e-d5d9-49fe-a6bc-2a04432a24e5,1685088816794422222
f04c7b44-5076-4f28-a28d-7b7863f63221,b2345e8e-d5d9-49fe-a6bc-2a04432a24e5,1685088816834622222
f04c7b44-5076-4f28-a28d-7b7863f63221,b2345e8e-d5d9-49fe-a6bc-2a04432a24e5,1685088816859655555
f04c7b44-5076-4f28-a28d-7b7863f63221,b2345e8e-d5d9-49fe-a6bc-2a04432a24e5,1685088816893144444
f04c7b44-5076-4f28-a28d-7b7863f63221,b2345e8e-d5d9-49fe-a6bc-2a04432a24e5,1685088816935988888
f04c7b44-5076-4f28-a28d-7b7863f63221,b2345e8e-d5d9-49fe-a6bc-2a04432a24e5,1685088816960011111
f04c7b44-5076-4f28-a28d-7b7863f63221,b2345e8e-d5d9-49fe-a6bc-2a04432a24e5,1685088816999277777
f04c7b44-5076-4f28-a28d-7b7863f63221,b2345e8e-d5d9-49fe-a6bc-2a04432a24e5,1685088817030388888
f04c7b44-5076-4f28-a28d-7b7863f63221,b2345e8e-d5d9-49fe-a6bc-2a04432a24e5,1685088817062655555
f04c7b44-5076-4f28-a28d-7b7863f63221,b2345e8e-d5d9-49fe-a6bc-2a04432a24e5,1685088817090900000
f04c7b44-5076-4f28-a28d-7b7863f63221,b2345e8e-d5d9-49fe-a6bc-2a04432a24e5,1685088817127388888
f04c7b44-5076-4f28-a28d-7b7863f63221,b2345e8e-d5d9-49fe-a6bc-2a04432a24e5,1685088817160311111
f04c7b44-5076-4f28-a28d-7b7863f63221,b2345e8e-d5d9-49fe-a6bc-2a04432a24e5,1685088817191444444
f04c7b44-5076-4f28-a28d-7b7863f63221,b2345e8e-d5d9-49fe-a6bc-2a04432a24e5,1685088817233711111
f04c7b44-5076-4f28-a28d-7b7863f63221,b2345e8e-d5d9-49fe-a6bc-2a04432a24e5,1685088817260466666
f04c7b44-5076-4f28-a28d-7b7863f63221,b2345e8e-d5d9-49fe-a6bc-2a04432a24e5,1685088817300900000
f04c7b44-5076-4f28-a28d-7b7863f63221,b2345e8e-d5d9-49fe-a6bc-2a04432a24e5,1685088817330933333
f04c7b44-5076-4f28-a28d-7b7863f63221,b2345e8e-d5d9-49fe-a6bc-2a04432a24e5,1685088817362988888
f04c7b44-5076-4f28-a28d-7b7863f63221,b2345e8e-d5d9-49fe-a6bc-2a04432a24e5,1685088817396333333
f04c7b44-5076-4f28-a28d-7b7863f63221,b2345e8e-d5d9-49fe-a6bc-2a04432a24e5,1685088817431822222
f04c7b44-5076-4f28-a28d-7b7863f63221,b2345e8e-d5d9-49fe-a6bc-2a04432a24e5,1685088817464688888
f04c7b44-5076-4f28-a28d-7b7863f63221,b2345e8e-d5d9-49fe-a6bc-2a04432a24e5,1685088817494911111
f04c7b44-5076-4f28-a28d-7b7863f63221,b2345e8e-d5d9-49fe-a6bc-2a04432a24e5,1685088817531211111
f04c7b44-5076-4f28-a28d-7b7863f63221,b2345e8e-d5d9-49fe-a6bc-2a04432a24e5,1685088817567855555
f04c7b44-5076-4f28-a28d-7b7863f63221,b2345e8e-d5d9-49fe-a6bc-2a04432a24e5,1685088817594833333
f04c7b44-5076-4f28-a28d-7b7863f63221,b2345e8e-d5d9-49fe-a6bc-2a04432a24e5,1685088817630555555
f04c7b44-5076-4f28-a28d-7b7863f63221,b2345e8e-d5d9-49fe-a6bc-2a04432a24e5,1685088817668677777
f04c7b44-5076-4f28-a28d-7b7863f63221,b2345e8e-d5d9-49fe-a6bc-2a04432a24e5,1685088817693411111
f04c7b44-5076-4f28-a28d-7b7863f63221,b2345e8e-d5d9-49fe-a6bc-2a04432a24e5,1685088817730555555
f04c7b44-5076-4f28-a28d-7b7863f63221,b2345e8e-d5d9-49fe-a6bc-2a04432a24e5,1685088817759900000
f04c7b44-5076-4f28-a28d-7b7863f63221,b2345e8e-d5d9-49fe-a6bc-2a04432a24e5,1685088817795800000
f04c7b44-5076-4f28-a28d-7b7863f63221,b2345e8e-d5d9-49fe-a6bc-2a04432a24e5,1685088817835788888
f04c7b44-5076-4f28-a28d-7b7863f63221,b2345e8e-d5d9-49fe-a6bc-2a04432a24e5,1685088817866488888
f04c7b44-5076-4f28-a28d-7b7863f63221,b2345e8e-d5d9-49fe-a6bc-2a04432a24e5,1685088817898555555
f04c7b44-5076-4f28-a28d-7b7863f63221,b2345e8e-d5d9-49fe-a6bc-2a04432a24e5,1685088817931777777
f04c7b44-5076-4f28-a28d-7b7863f63221,b2345e8e-d5d9-49fe-a6bc-2a04432a24e5,1685088817960444444
f04c7b44-5076-4f28-a28d-7b7863f63221,b2345e8e-d5d9-49fe-a6bc-2a04432a24e5,1685088817993066666
f04c7b44-5076-4f28-a28d-7b7863f63221,b2345e8e-d5d9-49fe-a6bc-2a04432a24e5,1685088818030255555
f04c7b44-5076-4f28-a28d-7b7863f63221,b2345e8e-d5d9-49fe-a6bc-2a04432a24e5,1685088818068800000
f04c7b44-5076-4f28-a28d-7b7863f63221,b2345e8e-d5d9-49fe-a6bc-2a04432a24e5,1685088818091988888
f04c7b44-5076-4f28-a28d-7b7863f63221,b2345e8e-d5d9-49fe-a6bc-2a04432a24e5,1685088818135022222
f04c7b44-5076-4f28-a28d-7b7863f63221,b2345e8e-d5d9-49fe-a6bc-2a04432a24e5,1685088818164088888
f04c7b44-5076-4f28-a28d-7b7863f63221,b2345e8e-d5d9-49fe-a6bc-2a04432a24e5,1685088818191322222
f04c7b44-5076-4f28-a28d-7b7863f63221,b2345e8e-d5d9-49fe-a6bc-2a04432a24e5,1685088818233800000
f04c7b44-5076-4f28-a28d-7b7863f63221,b2345e8e-d5d9-49fe-a6bc-2a04432a24e5,1685088818259855555
f04c7b44-5076-4f28-a28d-7b7863f63221,b2345e8e-d5d9-49fe-a6bc-2a04432a24e5,1685088818288011111
f04c7b44-5076-4f28-a28d-7b7863f63221,b2345e8e-d5d9-49fe-a6bc-2a04432a24e5,1685088818324933333
f04c7b44-5076-4f28-a28d-7b7863f63221,b2345e8e-d5d9-49fe-a6bc-2a04432a24e5,1685088818357100000
f04c7b44-5076-4f28-a28d-7b7863f63221,b2345e8e-d5d9-49fe-a6bc-2a04432a24e5,1685088818390177777
f04c7b44-5076-4f28-a28d-7b7863f63221,b2345e8e-d5d9-49fe-a6bc-2a04432a24e5,1685088818425655555
f04c7b44-5076-4f28-a28d-7b7863f63221,b2345e8e-d5d9-49fe-a6bc-2a04432a24e5,1685088818466144444
f04c7b44-5076-4f28-a28d-7b7863f63221,b2345e8e-d5d9-49fe-a6bc-2a04432a24e5,1685088818488177777
f04c7b44-5076-4f28-a28d-7b7863f63221,b2345e8e-d5d9-49fe-a6bc-2a04432a24e5,1685088818525144444
f04c7b44-5076-4f28-a28d-7b7863f63221,b2345e8e-d5d9-49fe-a6bc-2a04432a24e5,1685088818556688888
f04c7b44-5076-4f28-a28d-7b7863f63221,b2345e8e-d5d9-49fe-a6bc-2a04432a24e5,1685088818588600000
f04c7b44-5076-4f28-a28d-7b7863f63221,b2345e8e-d5d9-49fe-a6bc-2a04432a24e5,1685088818624666666
f04c7b44-5076-4f28-a28d-7b7863f63221,b2345e8e-d5d9-49fe-a6bc-2a04432a24e5,1685088818657077777
f04c7b44-5076-4f28-a28d-7b7863f63221,b2345e8e-d5d9-49fe-a6bc-2a04432a24e5,1685088818688122222
f04c7b44-5076-4f28-a28d-7b7863f63221,b2345e8e-d5d9-49fe-a6bc-2a04432a24e5,1685088818724333333
f04c7b44-5076-4f28-a28d-7b7863f63221,b2345e8e-d5d9-49fe-a6bc-2a04432a24e5,1685088818756755555
f04c7b44-5076-4f28-a28d-7b7863f63221,b2345e8e-d5d9-49fe-a6bc-2a04432a24e5,1685088818788788888
f04c7b44-5076-4f28-a28d-7b7863f63221,b2345e8e-d5d9-49fe-a6bc-2a04432a24e5,1685088818824444444
f04c7b44-5076-4f28-a28d-7b7863f63221,b2345e8e-d5d9-49fe-a6bc-2a04432a24e5,1685088818856711111
f04c7b44-5076-4f28-a28d-7b7863f63221,b2345e8e-d5d9-49fe-a6bc-2a04432a24e5,1685088818889122222
f04c7b44-5076-4f28-a28d-7b7863f63221,b2345e8e-d5d9-49fe-a6bc-2a04432a24e5,1685088818926811111
f04c7b44-5076-4f28-a28d-7b7863f63221,b2345e8e-d5d9-49fe-a6bc-2a04432a24e5,1685088818956155555
f04c7b44-5076-4f28-a28d-7b7863f63221,b2345e8e-d5d9-49fe-a6bc-2a04432a24e5,1685088818990955555
f04c7b44-5076-4f28-a28d-7b7863f63221,b2345e8e-d5d9-49fe-a6bc-2a04432a24e5,1685088819024655555
f04c7b44-5076-4f28-a28d-7b7863f63221,b2345e8e-d5d9-49fe-a6bc-2a04432a24e5,1685088819059666666
f04c7b44-5076-4f28-a28d-7b7863f63221,b2345e8e-d5d9-49fe-a6bc-2a04432a24e5,1685088819088700000
f04c7b44-5076-4f28-a28d-7b7863f63221,b2345e8e-d5d9-49fe-a6bc-2a04432a24e5,1685088819124955555
f04c7b44-5076-4f28-a28d-7b7863f63221,b2345e8e-d5d9-49fe-a6bc-2a04432a24e5,1685088819157800000
f04c7b44-5076-4f28-a28d-7b7863f63221,b2345e8e-d5d9-49fe-a6bc-2a04432a24e5,1685088819188788888
f04c7b44-5076-4f28-a28d-7b7863f63221,b2345e8e-d5d9-49fe-a6bc-2a04432a24e5,1685088819224322222
f04c7b44-5076-4f28-a28d-7b7863f63221,b2345e8e-d5d9-49fe-a6bc-2a04432a24e5,1685088819258955555
f04c7b44-5076-4f28-a28d-7b7863f63221,b2345e8e-d5d9-49fe-a6bc-2a04432a24e5,1685088819288344444
f04c7b44-5076-4f28-a28d-7b7863f63221,b2345e8e-d5d9-49fe-a6bc-2a04432a24e5,1685088819326588888
f04c7b44-5076-4f28-a28d-7b7863f63221,b2345e8e-d5d9-49fe-a6bc-2a04432a24e5,1685088819357077777
f04c7b44-5076-4f28-a28d-7b7863f63221,b2345e8e-d5d9-49fe-a6bc-2a04432a24e5,1685088819388888888
f04c7b44-5076-4f28-a28d-7b7863f63221,b2345e8e-d5d9-49fe-a6bc-2a04432a24e5,1685088819424822222
f04c7b44-5076-4f28-a28d-7b7863f63221,b2345e8e-d5d9-49fe-a6bc-2a04432a24e5,1685088819457022222
f04c7b44-5076-4f28-a28d-7b7863f63221,b2345e8e-d5d9-49fe-a6bc-2a04432a24e5,1685088819489033333
f04c7b44-5076-4f28-a28d-7b7863f63221,b2345e8e-d5d9-49fe-a6bc-2a04432a24e5,1685088819524300000
f04c7b44-5076-4f28-a28d-7b7863f63221,b2345e8e-d5d9-49fe-a6bc-2a04432a24e5,1685088819556922222
f04c7b44-5076-4f28-a28d-7b7863f63221,b2345e8e-d5d9-49fe-a6bc-2a04432a24e5,1685088819589322222
f04c7b44-5076-4f28-a28d-7b7863f63221,b2345e8e-d5d9-49fe-a6bc-2a04432a24e5,1685088819624277777
f04c7b44-5076-4f28-a28d-7b7863f63221,b2345e8e-d5d9-49fe-a6bc-2a04432a24e5,1685088819656111111
f04c7b44-5076-4f28-a28d-7b7863f63221,b2345e8e-d5d9-49fe-a6bc-2a04432a24e5,1685088819697788888
f04c7b44-5076-4f28-a28d-7b7863f63221,b2345e8e-d5d9-49fe-a6bc-2a04432a24e5,1685088819727588888
f04c7b44-5076-4f28-a28d-7b7863f63221,b2345e8e-d5d9-49fe-a6bc-2a04432a24e5,1685088819766155555
f04c7b44-5076-4f28-a28d-7b7863f63221,b2345e8e-d5d9-49fe-a6bc-2a04432a24e5,1685088819799055555
f04c7b44-5076-4f28-a28d-7b7863f63221,b2345e8e-d5d9-49fe-a6bc-2a04432a24e5,1685088819825022222
f04c7b44-5076-4f28-a28d-7b7863f63221,b2345e8e-d5d9-49fe-a6bc-2a04432a24e5,1685088819858900000
f04c7b44-5076-4f28-a28d-7b7863f63221,b2345e8e-d5d9-49fe-a6bc-2a04432a24e5,1685088819892888888
f04c7b44-5076-4f28-a28d-7b7863f63221,b2345e8e-d5d9-49fe-a6bc-2a04432a24e5,1685088819932166666
f04c7b44-5076-4f28-a28d-7b7863f63221,b2345e8e-d5d9-49fe-a6bc-2a04432a24e5,1685088819963122222
f04c7b44-5076-4f28-a28d-7b7863f63221,b2345e8e-d5d9-49fe-a6bc-2a04432a24e5,1685088819996866666
f04c7b44-5076-4f28-a28d-7b7863f63221,b2345e8e-d5d9-49fe-a6bc-2a04432a24e5,1685088820027088888
f04c7b44-5076-4f28-a28d-7b7863f63221,b2345e8e-d5d9-49fe-a6bc-2a04432a24e5,1685088820063722222
f04c7b44-5076-4f28-a28d-7b7863f63221,b2345e8e-d5d9-49fe-a6bc-2a04432a24e5,1685088820099888888
f04c7b44-5076-4f28-a28d-7b7863f63221,b2345e8e-d5d9-49fe-a6bc-2a04432a24e5,1685088820130677777
f04c7b44-5076-4f28-a28d-7b7863f63221,b2345e8e-d5d9-49fe-a6bc-2a04432a24e5,1685088820158011111
f04c7b44-5076-4f28-a28d-7b7863f63221,b2345e8e-d5d9-49fe-a6bc-2a04432a24e5,1685088820190344444
f04c7b44-5076-4f28-a28d-7b7863f63221,b2345e8e-d5d9-49fe-a6bc-2a04432a24e5,1685088820221511111
f04c7b44-5076-4f28-a28d-7b7863f63221,b2345e8e-d5d9-49fe-a6bc-2a04432a24e5,1685088820256077777
f04c7b44-5076-4f28-a28d-7b7863f63221,b2345e8e-d5d9-49fe-a6bc-2a04432a24e5,1685088820296011111
f04c7b44-5076-4f28-a28d-7b7863f63221,b2345e8e-d5d9-49fe-a6bc-2a04432a24e5,1685088820324577777
f04c7b44-5076-4f28-a28d-7b7863f63221,b2345e8e-d5d9-49fe-a6bc-2a04432a24e5,1685088820362655555
f04c7b44-5076-4f28-a28d-7b7863f63221,b2345e8e-d5d9-49fe-a6bc-2a04432a24e5,1685088820399644444
f04c7b44-5076-4f28-a28d-7b7863f63221,b2345e8e-d5d9-49fe-a6bc-2a04432a24e5,1685088820428733333
f04c7b44-5076-4f28-a28d-7b7863f63221,b2345e8e-d5d9-49fe-a6bc-2a04432a24e5,1685088820462600000
f04c7b44-5076-4f28-a28d-7b7863f63221,b2345e8e-d5d9-49fe-a6bc-2a04432a24e5,1685088820495699999
f04c7b44-5076-4f28-a28d-7b7863f63221,b2345e8e-d5d9-49fe-a6bc-2a04432a24e5,1685088820530511111
f04c7b44-5076-4f28-a28d-7b7863f63221,b2345e8e-d5d9-49fe-a6bc-2a04432a24e5,1685088820562400000
f04c7b44-5076-4f28-a28d-7b7863f63221,b2345e8e-d5d9-49fe-a6bc-2a04432a24e5,1685088820595533333
f04c7b44-5076-4f28-a28d-7b7863f63221,b2345e8e-d5d9-49fe-a6bc-2a04432a24e5,1685088820629166666
f04c7b44-5076-4f28-a28d-7b7863f63221,b2345e8e-d5d9-49fe-a6bc-2a04432a24e5,1685088820664422222
f04c7b44-5076-4f28-a28d-7b7863f63221,b2345e8e-d5d9-49fe-a6bc-2a04432a24e5,1685088820693744444
f04c7b44-5076-4f28-a28d-7b7863f63221,b2345e8e-d5d9-49fe-a6bc-2a04432a24e5,1685088820727855555
f04c7b44-5076-4f28-a28d-7b7863f63221,b2345e8e-d5d9-49fe-a6bc-2a04432a24e5,1685088820760077777
f04c7b44-5076-4f28-a28d-7b7863f63221,b2345e8e-d5d9-49fe-a6bc-2a04432a24e5,1685088820791555555
f04c7b44-5076-4f28-a28d-7b7863f63221,b2345e8e-d5d9-49fe-a6bc-2a04432a24e5,1685088820820244444
f04c7b44-5076-4f28-a28d-7b7863f63221,b2345e8e-d5d9-49fe-a6bc-2a04432a24e5,1685088820856277777
f04c7b44-5076-4f28-a28d-7b7863f63221,b2345e8e-d5d9-49fe-a6bc-2a04432a24e5,1685088820888644444
f04c7b44-5076-4f28-a28d-7b7863f63221,b2345e8e-d5d9-49fe-a6bc-2a04432a24e5,1685088820922211111
f04c7b44-5076-4f28-a28d-7b7863f63221,b2345e8e-d5d9-49fe-a6bc-2a04432a24e5,1685088820962522222
f04c7b44-5076-4f28-a28d-7b7863f63221,b2345e8e-d5d9-49fe-a6bc-2a04432a24e5,1685088820993666666
f04c7b44-5076-4f28-a28d-7b7863f63221,b2345e8e-d5d9-49fe-a6bc-2a04432a24e5,1685088821028855555
f04c7b44-5076-4f28-a28d-7b7863f63221,b2345e8e-d5d9-49fe-a6bc-2a04432a24e5,1685088821064211111
f04c7b44-5076-4f28-a28d-7b7863f63221,b2345e8e-d5d9-49fe-a6bc-2a04432a24e5,1685088821092455555
f04c7b44-5076-4f28-a28d-7b7863f63221,b2345e8e-d5d9-49fe-a6bc-2a04432a24e5,1685088821129544444
f04c7b44-5076-4f28-a28d-7b7863f63221,b2345e8e-d5d9-49fe-a6bc-2a04432a24e5,1685088821162144444
f04c7b44-5076-4f28-a28d-7b7863f63221,b2345e8e-d5d9-49fe-a6bc-2a04432a24e5,1685088821193444444
f04c7b44-5076-4f28-a28d-7b7863f63221,b2345e8e-d5d9-49fe-a6bc-2a04432a24e5,1685088821226700000
f04c7b44-5076-4f28-a28d-7b7863f63221,b2345e8e-d5d9-49fe-a6bc-2a04432a24e5,1685088821264566666
f04c7b44-5076-4f28-a28d-7b7863f63221,b2345e8e-d5d9-49fe-a6bc-2a04432a24e5,1685088821299333333
f04c7b44-5076-4f28-a28d-7b7863f63221,b2345e8e-d5d9-49fe-a6bc-2a04432a24e5,1685088821324633333
f04c7b44-5076-4f28-a28d-7b7863f63221,b2345e8e-d5d9-49fe-a6bc-2a04432a24e5,1685088821361722222
f04c7b44-5076-4f28-a28d-7b7863f63221,b2345e8e-d5d9-49fe-a6bc-2a04432a24e5,1685088821392511111
f04c7b44-5076-4f28-a28d-7b7863f63221,b2345e8e-d5d9-49fe-a6bc-2a04432a24e5,1685088821420933333
f04c7b44-5076-4f28-a28d-7b7863f63221,b2345e8e-d5d9-49fe-a6bc-2a04432a24e5,1685088821457888888
f04c7b44-5076-4f28-a28d-7b7863f63221,b2345e8e-d5d9-49fe-a6bc-2a04432a24e5,1685088821488555555
f04c7b44-5076-4f28-a28d-7b7863f63221,b2345e8e-d5d9-49fe-a6bc-2a04432a24e5,1685088821524555555
f04c7b44-5076-4f28-a28d-7b7863f63221,b2345e8e-d5d9-49fe-a6bc-2a04432a24e5,1685088821567066666
f04c7b44-5076-4f28-a28d-7b7863f63221,b2345e8e-d5d9-49fe-a6bc-2a04432a24e5,1685088821595844444
f04c7b44-5076-4f28-a28d-7b7863f63221,b2345e8e-d5d9-49fe-a6bc-2a04432a24e5,1685088821626822222
f04c7b44-5076-4f28-a28d-7b7863f63221,b2345e8e-d5d9-49fe-a6bc-2a04432a24e5,1685088821662088888
f04c7b44-5076-4f28-a28d-7b7863f63221,b2345e8e-d5d9-49fe-a6bc-2a04432a24e5,1685088821694233333
f04c7b44-5076-4f28-a28d-7b7863f63221,b2345e8e-d5d9-49fe-a6bc-2a04432a24e5,1685088821728755555
f04c7b44-5076-4f28-a28d-7b7863f63221,b2345e8e-d5d9-49fe-a6bc-2a04432a24e5,1685088821762066666
f04c7b44-5076-4f28-a28d-7b7863f63221,b2345e8e-d5d9-49fe-a6bc-2a04432a24e5,1685088821795833333
f04c7b44-5076-4f28-a28d-7b7863f63221,b2345e8e-d5d9-49fe-a6bc-2a04432a24e5,1685088821830855555
f04c7b44-5076-4f28-a28d-7b7863f63221,b2345e8e-d5d9-49fe-a6bc-2a04432a24e5,1685088821861911111
f04c7b44-5076-4f28-a28d-7b7863f63221,b2345e8e-d5d9-49fe-a6bc-2a04432a24e5,1685088821895777777
f04c7b44-5076-4f28-a28d-7b7863f63221,b2345e8e-d5d9-49fe-a6bc-2a04432a24e5,1685088821926344444
f04c7b44-5076-4f28-a28d-7b7863f63221,b2345e8e-d5d9-49fe-a6bc-2a04432a24e5,1685088821960044444
f04c7b44-5076-4f28-a28d-7b7863f63221,b2345e8e-d5d9-49fe-a6bc-2a04432a24e5,1685088821995466666
f04c7b44-5076-4f28-a28d-7b7863f63221,b2345e8e-d5d9-49fe-a6bc-2a04432a24e5,1685088822026177777
f04c7b44-5076-4f28-a28d-7b7863f63221,b2345e8e-d5d9-49fe-a6bc-2a04432a24e5,1685088822057488888
f04c7b44-5076-4f28-a28d-7b7863f63221,b2345e8e-d5d9-49fe-a6bc-2a04432a24e5,1685088822089144444
f04c7b44-5076-4f28-a28d-7b7863f63221,b2345e8e-d5d9-49fe-a6bc-2a04432a24e5,1685088822120766666
f04c7b44-5076-4f28-a28d-7b7863f63221,b2345e8e-d5d9-49fe-a6bc-2a04432a24e5,1685088822158633333
f04c7b44-5076-4f28-a28d-7b7863f63221,b2345e8e-d5d9-49fe-a6bc-2a04432a24e5,1685088822194711111
f04c7b44-5076-4f28-a28d-7b7863f63221,b2345e8e-d5d9-49fe-a6bc-2a04432a24e5,1685088822225577777
f04c7b44-5076-4f28-a28d-7b7863f63221,b2345e8e-d5d9-49fe-a6bc-2a04432a24e5,1685088822269900000
f04c7b44-5076-4f28-a28d-7b7863f63221,b2345e8e-d5d9-49fe-a6bc-2a04432a24e5,1685088822290144444
f04c7b44-5076-4f28-a28d-7b7863f63221,b2345e8e-d5d9-49fe-a6bc-2a04432a24e5,1685088822330400000
f04c7b44-5076-4f28-a28d-7b7863f63221,b2345e8e-d5d9-49fe-a6bc-2a04432a24e5,1685088822363833333
f04c7b44-5076-4f28-a28d-7b7863f63221,b2345e8e-d5d9-49fe-a6bc-2a04432a24e5,1685088822396511111
f04c7b44-5076-4f28-a28d-7b7863f63221,b2345e8e-d5d9-49fe-a6bc-2a04432a24e5,1685088822424177777
f04c7b44-5076-4f28-a28d-7b7863f63221,b2345e8e-d5d9-49fe-a6bc-2a04432a24e5,1685088822463933333
f04c7b44-5076-4f28-a28d-7b7863f63221,b2345e8e-d5d9-49fe-a6bc-2a04432a24e5,1685088822497155555
f04c7b44-5076-4f28-a28d-7b7863f63221,b2345e8e-d5d9-49fe-a6bc-2a04432a24e5,1685088822524188888
f04c7b44-5076-4f28-a28d-7b7863f63221,b2345e8e-d5d9-49fe-a6bc-2a04432a24e5,1685088822566866666
f04c7b44-5076-4f28-a28d-7b7863f63221,b2345e8e-d5d9-49fe-a6bc-2a04432a24e5,1685088822593311111
f04c7b44-5076-4f28-a28d-7b7863f63221,b2345e8e-d5d9-49fe-a6bc-2a04432a24e5,1685088822622088888
f04c7b44-5076-4f28-a28d-7b7863f63221,b2345e8e-d5d9-49fe-a6bc-2a04432a24e5,1685088822659300000
f04c7b44-5076-4f28-a28d-7b7863f63221,b2345e8e-d5d9-49fe-a6bc-2a04432a24e5,1685088822688922222
f04c7b44-5076-4f28-a28d-7b7863f63221,b2345e8e-d5d9-49fe-a6bc-2a04432a24e5,1685088822720655555
f04c7b44-5076-4f28-a28d-7b7863f63221,b2345e8e-d5d9-49fe-a6bc-2a04432a24e5,1685088822757311111
f04c7b44-5076-4f28-a28d-7b7863f63221,b2345e8e-d5d9-49fe-a6bc-2a04432a24e5,1685088822794644444
f04c7b44-5076-4f28-a28d-7b7863f63221,b2345e8e-d5d9-49fe-a6bc-2a04432a24e5,1685088822828422222
f04c7b44-5076-4f28-a28d-7b7863f63221,b2345e8e-d5d9-49fe-a6bc-2a04432a24e5,1685088822863088888
f04c7b44-5076-4f28-a28d-7b7863f63221,b2345e8e-d5d9-49fe-a6bc-2a04432a24e5,1685088822900044444
f04c7b44-5076-4f28-a28d-7b7863f63221,b2345e8e-d5d9-49fe-a6bc-2a04432a24e5,1685088822923511111
f04c7b44-5076-4f28-a28d-7b7863f63221,b2345e8e-d5d9-49fe-a6bc-2a04432a24e5,1685088822961200000
f04c7b44-5076-4f28-a28d-7b7863f63221,b2345e8e-d5d9-49fe-a6bc-2a04432a24e5,1685088822996611111
f04c7b44-5076-4f28-a28d-7b7863f63221,b2345e8e-d5d9-49fe-a6bc-2a04432a24e5,1685088823027255555
f04c7b44-5076-4f28-a28d-7b7863f63221,b2345e8e-d5d9-49fe-a6bc-2a04432a24e5,1685088823059522222
f04c7b44-5076-4f28-a28d-7b7863f63221,b2345e8e-d5d9-49fe-a6bc-2a04432a24e5,1685088823094266666
f04c7b44-5076-4f28-a28d-7b7863f63221,b2345e8e-d5d9-49fe-a6bc-2a04432a24e5,1685088823125677777
f04c7b44-5076-4f28-a28d-7b7863f63221,b2345e8e-d5d9-49fe-a6bc-2a04432a24e5,1685088823161844444
f04c7b44-5076-4f28-a28d-7b7863f63221,b2345e8e-d5d9-49fe-a6bc-2a04432a24e5,1685088823196388888
f04c7b44-5076-4f28-a28d-7b7863f63221,b2345e8e-d5d9-49fe-a6bc-2a04432a24e5,1685088823229744444
f04c7b44-5076-4f28-a28d-7b7863f63221,b2345e8e-d5d9-49fe-a6bc-2a04432a24e5,1685088823254388888
f04c7b44-5076-4f28-a28d-7b7863f63221,b2345e8e-d5d9-49fe-a6bc-2a04432a24e5,1685088823288833333
f04c7b44-5076-4f28-a28d-7b7863f63221,b2345e8e-d5d9-49fe-a6bc-2a04432a24e5,1685088823320511111
f04c7b44-5076-4f28-a28d-7b7863f63221,b2345e8e-d5d9-49fe-a6bc-2a04432a24e5,1685088823352633333
f04c7b44-5076-4f28-a28d-7b7863f63221,b2345e8e-d5d9-49fe-a6bc-2a04432a24e5,1685088823393422222
f04c7b44-5076-4f28-a28d-7b7863f63221,b2345e8e-d5d9-49fe-a6bc-2a04432a24e5,1685088823430900000
f04c7b44-5076-4f28-a28d-7b7863f63221,b2345e8e-d5d9-49fe-a6bc-2a04432a24e5,1685088823460466666
f04c7b44-5076-4f28-a28d-7b7863f63221,b2345e8e-d5d9-49fe-a6bc-2a04432a24e5,1685088823497744444
f04c7b44-5076-4f28-a28d-7b7863f63221,b2345e8e-d5d9-49fe-a6bc-2a04432a24e5,1685088823525088888
f04c7b44-5076-4f28-a28d-7b7863f63221,b2345e8e-d5d9-49fe-a6bc-2a04432a24e5,1685088823560133333
f04c7b44-5076-4f28-a28d-7b7863f63221,b2345e8e-d5d9-49fe-a6bc-2a04432a24e5,1685088823592400000
f04c7b44-5076-4f28-a28d-7b7863f63221,b2345e8e-d5d9-49fe-a6bc-2a04432a24e5,1685088823625433333
f04c7b44-5076-4f28-a28d-7b7863f63221,b2345e8e-d5d9-49fe-a6bc-2a04432a24e5,1685088823656222222
f04c7b44-5076-4f28-a28d-7b7863f63221,b2345e8e-d5d9-49fe-a6bc-2a04432a24e5,1685088823689033333
f04c7b44-5076-4f28-a28d-7b7863f63221,b2345e8e-d5d9-49fe-a6bc-2a04432a24e5,1685088823726744444
f04c7b44-5076-4f28-a28d-7b7863f63221,b2345e8e-d5d9-49fe-a6bc-2a04432a24e5,1685088823761088888
f04c7b44-5076-4f28-a28d-7b7863f63221,b2345e8e-d5d9-49fe-a6bc-2a04432a24e5,1685088823799800000
f04c7b44-5076-4f28-a28d-7b7863f63221,b2345e8e-d5d9-49fe-a6bc-2a04432a24e5,1685088823826588888
f04c7b44-5076-4f28-a28d-7b7863f63221,b2345e8e-d5d9-49fe-a6bc-2a04432a24e5,1685088823866355555
f04c7b44-5076-4f28-a28d-7b7863f63221,b2345e8e-d5d9-49fe-a6bc-2a04432a24e5,1685088823889800000
f04c7b44-5076-4f28-a28d-7b7863f63221,b2345e8e-d5d9-49fe-a6bc-2a04432a24e5,1685088823921577777
f04c7b44-5076-4f28-a28d-7b7863f63221,b2345e8e-d5d9-49fe-a6bc-2a04432a24e5,1685088823953044444
f04c7b44-5076-4f28-a28d-7b7863f63221,b2345e8e-d5d9-49fe-a6bc-2a04432a24e5,1685088823988766666
f04c7b44-5076-4f28-a28d-7b7863f63221,b2345e8e-d5d9-49fe-a6bc-2a04432a24e5,1685088824027366666
f04c7b44-5076-4f28-a28d-7b7863f63221,b2345e8e-d5d9-49fe-a6bc-2a04432a24e5,1685088824059944444
f04c7b44-5076-4f28-a28d-7b7863f63221,b2345e8e-d5d9-49fe-a6bc-2a04432a24e5,1685088824096366666
f04c7b44-5076-4f28-a28d-7b7863f63221,b2345e8e-d5d9-49fe-a6bc-2a04432a24e5,1685088824126711111
f04c7b44-5076-4f28-a28d-7b7863f63221,b2345e8e-d5d9-49fe-a6bc-2a04432a24e5,1685088824158922222
f04c7b44-5076-4f28-a28d-7b7863f63221,b2345e8e-d5d9-49fe-a6bc-2a04432a24e5,1685088824195711111
f04c7b44-5076-4f28-a28d-7b7863f63221,b2345e8e-d5d9-49fe-a6bc-2a04432a24e5,1685088824222400000
f04c7b44-5076-4f28-a28d-7b7863f63221,b2345e8e-d5d9-49fe-a6bc-2a04432a24e5,1685088824255066666
f04c7b44-5076-4f28-a28d-7b7863f63221,b2345e8e-d5d9-49fe-a6bc-2a04432a24e5,1685088824295144444
f04c7b44-5076-4f28-a28d-7b7863f63221,b2345e8e-d5d9-49fe-a6bc-2a04432a24e5,1685088824330533333
f04c7b44-5076-4f28-a28d-7b7863f63221,b2345e8e-d5d9-49fe-a6bc-2a04432a24e5,1685088824360900000
f04c7b44-5076-4f28-a28d-7b7863f63221,b2345e8e-d5d9-49fe-a6bc-2a04432a24e5,1685088824394377777
f04c7b44-5076-4f28-a28d-7b7863f63221,b2345e8e-d5d9-49fe-a6bc-2a04432a24e5,1685088824427811111
f04c7b44-5076-4f28-a28d-7b7863f63221,b2345e8e-d5d9-49fe-a6bc-2a04432a24e5,1685088824457177777
f04c7b44-5076-4f28-a28d-7b7863f63221,b2345e8e-d5d9-49fe-a6bc-2a04432a24e5,1685088824497655555
f04c7b44-5076-4f28-a28d-7b7863f63221,b2345e8e-d5d9-49fe-a6bc-2a04432a24e5,1685088824520877777
f04c7b44-5076-4f28-a28d-7b7863f63221,b2345e8e-d5d9-49fe-a6bc-2a04432a24e5,1685088824552555555
f04c7b44-5076-4f28-a28d-7b7863f63221,b2345e8e-d5d9-49fe-a6bc-2a04432a24e5,1685088824588622222
f04c7b44-5076-4f28-a28d-7b7863f63221,b2345e8e-d5d9-49fe-a6bc-2a04432a24e5,1685088824621066666
f04c7b44-5076-4f28-a28d-7b7863f63221,b2345e8e-d5d9-49fe-a6bc-2a04432a24e5,1685088824658822222
f04c7b44-5076-4f28-a28d-7b7863f63221,b2345e8e-d5d9-49fe-a6bc-2a04432a24e5,1685088824699444444
f04c7b44-5076-4f28-a28d-7b7863f63221,b2345e8e-d5d9-49fe-a6bc-2a04432a24e5,1685088824728777777
f04c7b44-5076-4f28-a28d-7b7863f63221,b2345e8e-d5d9-49fe-a6bc-2a04432a24e5,1685088824758122222
f04c7b44-5076-4f28-a28d-7b7863f63221,b2345e8e-d5d9-49fe-a6bc-2a04432a24e5,1685088824795855555
f04c7b44-5076-4f28-a28d-7b7863f63221,b2345e8e-d5d9-49fe-a6bc-2a04432a24e5,1685088824826644444
f04c7b44-5076-4f28-a28d-7b7863f63221,b2345e8e-d5d9-49fe-a6bc-2a04432a24e5,1685088824858666666
f04c7b44-5076-4f28-a28d-7b7863f63221,b2345e8e-d5d9-49fe-a6bc-2a04432a24e5,1685088824894733333
f04c7b44-5076-4f28-a28d-7b7863f63221,b2345e8e-d5d9-49fe-a6bc-2a04432a24e5,1685088824928055555
f04c7b44-5076-4f28-a28d-7b7863f63221,b2345e8e-d5d9-49fe-a6bc-2a04432a24e5,1685088824955944444
f04c7b44-5076-4f28-a28d-7b7863f63221,b2345e8e-d5d9-49fe-a6bc-2a04432a24e5,1685088824998311111
f04c7b44-5076-4f28-a28d-7b7863f63221,b2345e8e-d5d9-49fe-a6bc-2a04432a24e5,1685088825026211111
f04c7b44-5076-4f28-a28d-7b7863f63221,b2345e8e-d5d9-49fe-a6bc-2a04432a24e5,1685088825059944444
f04c7b44-5076-4f28-a28d-7b7863f63221,b2345e8e-d5d9-49fe-a6bc-2a04432a24e5,1685088825098011111
f04c7b44-5076-4f28-a28d-7b7863f63221,b2345e8e-d5d9-49fe-a6bc-2a04432a24e5,1685088825123288888
f04c7b44-5076-4f28-a28d-7b7863f63221,b2345e8e-d5d9-49fe-a6bc-2a04432a24e5,1685088825154100000
f04c7b44-5076-4f28-a28d-7b7863f63221,b2345e8e-d5d9-49fe-a6bc-2a04432a24e5,1685088825188955555
f04c7b44-5076-4f28-a28d-7b7863f63221,b2345e8e-d5d9-49fe-a6bc-2a04432a24e5,1685088825220977777
f04c7b44-5076-4f28-a28d-7b7863f63221,b2345e8e-d5d9-49fe-a6bc-2a04432a24e5,1685088825253877777
f04c7b44-5076-4f28-a28d-7b7863f63221,b2345e8e-d5d9-49fe-a6bc-2a04432a24e5,1685088825291022222
f04c7b44-5076-4f28-a28d-7b7863f63221,b2345e8e-d5d9-49fe-a6bc-2a04432a24e5,1685088825324933333
f04c7b44-5076-4f28-a28d-7b7863f63221,b2345e8e-d5d9-49fe-a6bc-2a04432a24e5,1685088825357844444
f04c7b44-5076-4f28-a28d-7b7863f63221,b2345e8e-d5d9-49fe-a6bc-2a04432a24e5,1685088825402800000
f04c7b44-5076-4f28-a28d-7b7863f63221,b2345e8e-d5d9-49fe-a6bc-2a04432a24e5,1685088825423111111
f04c7b44-5076-4f28-a28d-7b7863f63221,b2345e8e-d5d9-49fe-a6bc-2a04432a24e5,1685088825460122222
f04c7b44-5076-4f28-a28d-7b7863f63221,b2345e8e-d5d9-49fe-a6bc-2a04432a24e5,1685088825498444444
f04c7b44-5076-4f28-a28d-7b7863f63221,b2345e8e-d5d9-49fe-a6bc-2a04432a24e5,1685088825526644444
f04c7b44-5076-4f28-a28d-7b7863f63221,b2345e8e-d5d9-49fe-a6bc-2a04432a24e5,1685088825558388888
f04c7b44-5076-4f28-a28d-7b7863f63221,b2345e8e-d5d9-49fe-a6bc-2a04432a24e5,1685088825594388888
f04c7b44-5076-4f28-a28d-7b7863f63221,b2345e8e-d5d9-49fe-a6bc-2a04432a24e5,1685088825627722222
f04c7b44-5076-4f28-a28d-7b7863f63221,b2345e8e-d5d9-49fe-a6bc-2a04432a24e5,1685088825660366666
f04c7b44-5076-4f28-a28d-7b7863f63221,b2345e8e-d5d9-49fe-a6bc-2a04432a24e5,1685088825693522222
f04c7b44-5076-4f28-a28d-7b7863f63221,b2345e8e-d5d9-49fe-a6bc-2a04432a24e5,1685088825726800000
f04c7b44-5076-4f28-a28d-7b7863f63221,b2345e8e-d5d9-49fe-a6bc-2a04432a24e5,1685088825758544444
f04c7b44-5076-4f28-a28d-7b7863f63221,b2345e8e-d5d9-49fe-a6bc-2a04432a24e5,1685088825789022222
f04c7b44-5076-4f28-a28d-7b7863f63221,b2345e8e-d5d9-49fe-a6bc-2a04432a24e5,1685088825821566666
f04c7b44-5076-4f28-a28d-7b7863f63221,b2345e8e-d5d9-49fe-a6bc-2a04432a24e5,1685088825852833333
f04c7b44-5076-4f28-a28d-7b7863f63221,b2345e8e-d5d9-49fe-a6bc-2a04432a24e5,1685088825893855555
f04c7b44-5076-4f28-a28d-7b7863f63221,b2345e8e-d5d9-49fe-a6bc-2a04432a24e5,1685088825927633333
f04c7b44-5076-4f28-a28d-7b7863f63221,b2345e8e-d5d9-49fe-a6bc-2a04432a24e5,1685088825962222222
f04c7b44-5076-4f28-a28d-7b7863f63221,b2345e8e-d5d9-49fe-a6bc-2a04432a24e5,1685088825997733333
f04c7b44-5076-4f28-a28d-7b7863f63221,b2345e8e-d5d9-49fe-a6bc-2a04432a24e5,1685088826025722222
f04c7b44-5076-4f28-a28d-7b7863f63221,b2345e8e-d5d9-49fe-a6bc-2a04432a24e5,1685088826061044444
f04c7b44-5076-4f28-a28d-7b7863f63221,b2345e8e-d5d9-49fe-a6bc-2a04432a24e5,1685088826090344444
f04c7b44-5076-4f28-a28d-7b7863f63221,b2345e8e-d5d9-49fe-a6bc-2a04432a24e5,1685088826125144444
f04c7b44-5076-4f28-a28d-7b7863f63221,b2345e8e-d5d9-49fe-a6bc-2a04432a24e5,1685088826155466666
f04c7b44-5076-4f28-a28d-7b7863f63221,b2345e8e-d5d9-49fe-a6bc-2a04432a24e5,1685088826192044444
f04c7b44-5076-4f28-a28d-7b7863f63221,b2345e8e-d5d9-49fe-a6bc-2a04432a24e5,1685088826228677777
f04c7b44-5076-4f28-a28d-7b7863f63221,b2345e8e-d5d9-49fe-a6bc-2a04432a24e5,1685088826259766666
f04c7b44-5076-4f28-a28d-7b7863f63221,b2345e8e-d5d9-49fe-a6bc-2a04432a24e5,1685088826290433333
f04c7b44-5076-4f28-a28d-7b7863f63221,b2345e8e-d5d9-49fe-a6bc-2a04432a24e5,1685088826330388888
f04c7b44-5076-4f28-a28d-7b7863f63221,b2345e8e-d5d9-49fe-a6bc-2a04432a24e5,1685088826359500000
f04c7b44-5076-4f28-a28d-7b7863f63221,b2345e8e-d5d9-49fe-a6bc-2a04432a24e5,1685088826386966666
f04c7b44-5076-4f28-a28d-7b7863f63221,b2345e8e-d5d9-49fe-a6bc-2a04432a24e5,1685088826420444444
f04c7b44-5076-4f28-a28d-7b7863f63221,b2345e8e-d5d9-49fe-a6bc-2a04432a24e5,1685088826452544444
f04c7b44-5076-4f28-a28d-7b7863f63221,b2345e8e-d5d9-49fe-a6bc-2a04432a24e5,1685088826484322222
f04c7b44-5076-4f28-a28d-7b7863f63221,b2345e8e-d5d9-49fe-a6bc-2a04432a24e5,1685088826528188888
f04c7b44-5076-4f28-a28d-7b7863f63221,b2345e8e-d5d9-49fe-a6bc-2a04432a24e5,1685088826560433333
f04c7b44-5076-4f28-a28d-7b7863f63221,b2345e8e-d5d9-49fe-a6bc-2a04432a24e5,1685088826598300000
f04c7b44-5076-4f28-a28d-7b7863f63221,b2345e8e-d5d9-49fe-a6bc-2a04432a24e5,1685088826623600000
f04c7b44-5076-4f28-a28d-7b7863f63221,b2345e8e-d5d9-49fe-a6bc-2a04432a24e5,1685088826659366666
f04c7b44-5076-4f28-a28d-7b7863f63221,b2345e8e-d5d9-49fe-a6bc-2a04432a24e5,1685088826692222222
f04c7b44-5076-4f28-a28d-7b7863f63221,b2345e8e-d5d9-49fe-a6bc-2a04432a24e5,1685088826730244444
f04c7b44-5076-4f28-a28d-7b7863f63221,b2345e8e-d5d9-49fe-a6bc-2a04432a24e5,1685088826760488888
f04c7b44-5076-4f28-a28d-7b7863f63221,b2345e8e-d5d9-49fe-a6bc-2a04432a24e5,1685088826791688888
f04c7b44-5076-4f28-a28d-7b7863f63221,b2345e8e-d5d9-49fe-a6bc-2a04432a24e5,1685088826826133333
f04c7b44-5076-4f28-a28d-7b7863f63221,b2345e8e-d5d9-49fe-a6bc-2a04432a24e5,1685088826862988888
f04c7b44-5076-4f28-a28d-7b7863f63221,b2345e8e-d5d9-49fe-a6bc-2a04432a24e5,1685088826892611111
f04c7b44-5076-4f28-a28d-7b7863f63221,b2345e8e-d5d9-49fe-a6bc-2a04432a24e5,1685088826923444444
f04c7b44-5076-4f28-a28d-7b7863f63221,b2345e8e-d5d9-49fe-a6bc-2a04432a24e5,1685088826961911111
f04c7b44-5076-4f28-a28d-7b7863f63221,b2345e8e-d5d9-49fe-a6bc-2a04432a24e5,1685088826987922222
f04c7b44-5076-4f28-a28d-7b7863f63221,b2345e8e-d5d9-49fe-a6bc-2a04432a24e5,1685088827020866666
f04c7b44-5076-4f28-a28d-7b7863f63221,b2345e8e-d5d9-49fe-a6bc-2a04432a24e5,1685088827052711111
f04c7b44-5076-4f28-a28d-7b7863f63221,b2345e8e-d5d9-49fe-a6bc-2a04432a24e5,1685088827084744444
f04c7b44-5076-4f28-a28d-7b7863f63221,b2345e8e-d5d9-49fe-a6bc-2a04432a24e5,1685088827125277777
f04c7b44-5076-4f28-a28d-7b7863f63221,b2345e8e-d5d9-49fe-a6bc-2a04432a24e5,1685088827163111111
f04c7b44-5076-4f28-a28d-7b7863f63221,b2345e8e-d5d9-49fe-a6bc-2a04432a24e5,1685088827187600000
f04c7b44-5076-4f28-a28d-7b7863f63221,b2345e8e-d5d9-49fe-a6bc-2a04432a24e5,1685088827227300000
f04c7b44-5076-4f28-a28d-7b7863f63221,b2345e8e-d5d9-49fe-a6bc-2a04432a24e5,1685088827257666666
f04c7b44-5076-4f28-a28d-7b7863f63221,b2345e8e-d5d9-49fe-a6bc-2a04432a24e5,1685088827289822222
f04c7b44-5076-4f28-a28d-7b7863f63221,b2345e8e-d5d9-49fe-a6bc-2a04432a24e5,1685088827322566666
f04c7b44-5076-4f28-a28d-7b7863f63221,b2345e8e-d5d9-49fe-a6bc-2a04432a24e5,1685088827358700000
f04c7b44-5076-4f28-a28d-7b7863f63221,b2345e8e-d5d9-49fe-a6bc-2a04432a24e5,1685088827393244444
f04c7b44-5076-4f28-a28d-7b7863f63221,b2345e8e-d5d9-49fe-a6bc-2a04432a24e5,1685088827421588888
f04c7b44-5076-4f28-a28d-7b7863f63221,b2345e8e-d5d9-49fe-a6bc-2a04432a24e5,1685088827461022222
f04c7b44-5076-4f28-a28d-7b7863f63221,b2345e8e-d5d9-49fe-a6bc-2a04432a24e5,1685088827489288888
f04c7b44-5076-4f28-a28d-7b7863f63221,b2345e8e-d5d9-49fe-a6bc-2a04432a24e5,1685088827531188888
f04c7b44-5076-4f28-a28d-7b7863f63221,b2345e8e-d5d9-49fe-a6bc-2a04432a24e5,1685088827558155555
f04c7b44-5076-4f28-a28d-7b7863f63221,b2345e8e-d5d9-49fe-a6bc-2a04432a24e5,1685088827590777777
f04c7b44-5076-4f28-a28d-7b7863f63221,b2345e8e-d5d9-49fe-a6bc-2a04432a24e5,1685088827622588888
f04c7b44-5076-4f28-a28d-7b7863f63221,b2345e8e-d5d9-49fe-a6bc-2a04432a24e5,1685088827652466666
f04c7b44-5076-4f28-a28d-7b7863f63221,b2345e8e-d5d9-49fe-a6bc-2a04432a24e5,1685088827684588888
f04c7b44-5076-4f28-a28d-7b7863f63221,b2345e8e-d5d9-49fe-a6bc-2a04432a24e5,1685088827720600000
f04c7b44-5076-4f28-a28d-7b7863f63221,b2345e8e-d5d9-49fe-a6bc-2a04432a24e5,1685088827755433333
f04c7b44-5076-4f28-a28d-7b7863f63221,b2345e8e-d5d9-49fe-a6bc-2a04432a24e5,1685088827789577777
f04c7b44-5076-4f28-a28d-7b7863f63221,b2345e8e-d5d9-49fe-a6bc-2a04432a24e5,1685088827826144444
f04c7b44-5076-4f28-a28d-7b7863f63221,b2345e8e-d5d9-49fe-a6bc-2a04432a24e5,1685088827857255555
f04c7b44-5076-4f28-a28d-7b7863f63221,b2345e8e-d5d9-49fe-a6bc-2a04432a24e5,1685088827890233333
f04c7b44-5076-4f28-a28d-7b7863f63221,b2345e8e-d5d9-49fe-a6bc-2a04432a24e5,1685088827930255555
f04c7b44-5076-4f28-a28d-7b7863f63221,b2345e8e-d5d9-49fe-a6bc-2a04432a24e5,1685088827958866666
f04c7b44-5076-4f28-a28d-7b7863f63221,b2345e8e-d5d9-49fe-a6bc-2a04432a24e5,1685088827992033333
f04c7b44-5076-4f28-a28d-7b7863f63221,b2345e8e-d5d9-49fe-a6bc-2a04432a24e5,1685088828024611111
f04c7b44-5076-4f28-a28d-7b7863f63221,b2345e8e-d5d9-49fe-a6bc-2a04432a24e5,1685088828056911111
f04c7b44-5076-4f28-a28d-7b7863f63221,b2345e8e-d5d9-49fe-a6bc-2a04432a24e5,1685088828097266666
f04c7b44-5076-4f28-a28d-7b7863f63221,b2345e8e-d5d9-49fe-a6bc-2a04432a24e5,1685088828127866666
f04c7b44-5076-4f28-a28d-7b7863f63221,b2345e8e-d5d9-49fe-a6bc-2a04432a24e5,1685088828159322222
f04c7b44-5076-4f28-a28d-7b7863f63221,b2345e8e-d5d9-49fe-a6bc-2a04432a24e5,1685088828194511111
f04c7b44-5076-4f28-a28d-7b7863f63221,b2345e8e-d5d9-49fe-a6bc-2a04432a24e5,1685088828222233333
f04c7b44-5076-4f28-a28d-7b7863f63221,b2345e8e-d5d9-49fe-a6bc-2a04432a24e5,1685088828253555555
f04c7b44-5076-4f28-a28d-7b7863f63221,b2345e8e-d5d9-49fe-a6bc-2a04432a24e5,1685088828284677777
f04c7b44-5076-4f28-a28d-7b7863f63221,b2345e8e-d5d9-49fe-a6bc-2a04432a24e5,1685088828320566666
f04c7b44-5076-4f28-a28d-7b7863f63221,b2345e8e-d5d9-49fe-a6bc-2a04432a24e5,1685088828352288888
f04c7b44-5076-4f28-a28d-7b7863f63221,b2345e8e-d5d9-49fe-a6bc-2a04432a24e5,1685088828390544444
f04c7b44-5076-4f28-a28d-7b7863f63221,b2345e8e-d5d9-49fe-a6bc-2a04432a24e5,1685088828425555555
f04c7b44-5076-4f28-a28d-7b7863f63221,b2345e8e-d5d9-49fe-a6bc-2a04432a24e5,1685088828455422222
f04c7b44-5076-4f28-a28d-7b7863f63221,b2345e8e-d5d9-49fe-a6bc-2a04432a24e5,1685088828493922222
f04c7b44-5076-4f28-a28d-7b7863f63221,b2345e8e-d5d9-49fe-a6bc-2a04432a24e5,1685088828527166666
f04c7b44-5076-4f28-a28d-7b7863f63221,b2345e8e-d5d9-49fe-a6bc-2a04432a24e5,1685088828558133333
f04c7b44-5076-4f28-a28d-7b7863f63221,b2345e8e-d5d9-49fe-a6bc-2a04432a24e5,1685088828588233333
f04c7b44-5076-4f28-a28d-7b7863f63221,b2345e8e-d5d9-49fe-a6bc-2a04432a24e5,1685088828627033333
f04c7b44-5076-4f28-a28d-7b7863f63221,b2345e8e-d5d9-49fe-a6bc-2a04432a24e5,1685088828655622222
f04c7b44-5076-4f28-a28d-7b7863f63221,b2345e8e-d5d9-49fe-a6bc-2a04432a24e5,1685088828688488888
f04c7b44-5076-4f28-a28d-7b7863f63221,b2345e8e-d5d9-49fe-a6bc-2a04432a24e5,1685088828726988888
f04c7b44-5076-4f28-a28d-7b7863f63221,b2345e8e-d5d9-49fe-a6bc-2a04432a24e5,1685088828758944444
f04c7b44-5076-4f28-a28d-7b7863f63221,b2345e8e-d5d9-49fe-a6bc-2a04432a24e5,1685088828787288888
f04c7b44-5076-4f28-a28d-7b7863f63221,b2345e8e-d5d9-49fe-a6bc-2a04432a24e5,1685088828826800000
f04c7b44-5076-4f28-a28d-7b7863f63221,b2345e8e-d5d9-49fe-a6bc-2a04432a24e5,1685088828852988888
f04c7b44-5076-4f28-a28d-7b7863f63221,b2345e8e-d5d9-49fe-a6bc-2a04432a24e5,1685088828884400000
f04c7b44-5076-4f28-a28d-7b7863f63221,b2345e8e-d5d9-49fe-a6bc-2a04432a24e5,1685088828920088888
f04c7b44-5076-4f28-a28d-7b7863f63221,b2345e8e-d5d9-49fe-a6bc-2a04432a24e5,1685088828952144444
f04c7b44-5076-4f28-a28d-7b7863f63221,b2345e8e-d5d9-49fe-a6bc-2a04432a24e5,1685088828991833333
f04c7b44-5076-4f28-a28d-7b7863f63221,b2345e8e-d5d9-49fe-a6bc-2a04432a24e5,1685088829031477777
f04c7b44-5076-4f28-a28d-7b7863f63221,b2345e8e-d5d9-49fe-a6bc-2a04432a24e5,1685088829058811111
f04c7b44-5076-4f28-a28d-7b7863f63221,b2345e8e-d5d9-49fe-a6bc-2a04432a24e5,1685088829089255555
f04c7b44-5076-4f28-a28d-7b7863f63221,b2345e8e-d5d9-49fe-a6bc-2a04432a24e5,1685088829126933333
f04c7b44-5076-4f28-a28d-7b7863f63221,b2345e8e-d5d9-49fe-a6bc-2a04432a24e5,1685088829158266666
f04c7b44-5076-4f28-a28d-7b7863f63221,b2345e8e-d5d9-49fe-a6bc-2a04432a24e5,1685088829190111111
f04c7b44-5076-4f28-a28d-7b7863f63221,b2345e8e-d5d9-49fe-a6bc-2a04432a24e5,1685088829228522222
f04c7b44-5076-4f28-a28d-7b7863f63221,b2345e8e-d5d9-49fe-a6bc-2a04432a24e5,1685088829259944444
f04c7b44-5076-4f28-a28d-7b7863f63221,b2345e8e-d5d9-49fe-a6bc-2a04432a24e5,1685088829293333333
f04c7b44-5076-4f28-a28d-7b7863f63221,b2345e8e-d5d9-49fe-a6bc-2a04432a24e5,1685088829324377777
f04c7b44-5076-4f28-a28d-7b7863f63221,b2345e8e-d5d9-49fe-a6bc-2a04432a24e5,1685088829358644444
f04c7b44-5076-4f28-a28d-7b7863f63221,b2345e8e-d5d9-49fe-a6bc-2a04432a24e5,1685088829393911111
f04c7b44-5076-4f28-a28d-7b7863f63221,b2345e8e-d5d9-49fe-a6bc-2a04432a24e5,1685088829425066666
f04c7b44-5076-4f28-a28d-7b7863f63221,b2345e8e-d5d9-49fe-a6bc-2a04432a24e5,1685088829459600000
f04c7b44-5076-4f28-a28d-7b7863f63221,b2345e8e-d5d9-49fe-a6bc-2a04432a24e5,1685088829487755555
f04c7b44-5076-4f28-a28d-7b7863f63221,b2345e8e-d5d9-49fe-a6bc-2a04432a24e5,1685088829517655555
f04c7b44-5076-4f28-a28d-7b7863f63221,b2345e8e-d5d9-49fe-a6bc-2a04432a24e5,1685088829552011111
f04c7b44-5076-4f28-a28d-7b7863f63221,b2345e8e-d5d9-49fe-a6bc-2a04432a24e5,1685088829584688888
f04c7b44-5076-4f28-a28d-7b7863f63221,b2345e8e-d5d9-49fe-a6bc-2a04432a24e5,1685088829621088888
f04c7b44-5076-4f28-a28d-7b7863f63221,b2345e8e-d5d9-49fe-a6bc-2a04432a24e5,1685088829658488888
f04c7b44-5076-4f28-a28d-7b7863f63221,b2345e8e-d5d9-49fe-a6bc-2a04432a24e5,1685088829691500000
f04c7b44-5076-4f28-a28d-7b7863f63221,b2345e8e-d5d9-49fe-a6bc-2a04432a24e5,1685088829721733333
f04c7b44-5076-4f28-a28d-7b7863f63221,b2345e8e-d5d9-49fe-a6bc-2a04432a24e5,1685088829758922222
f04c7b44-5076-4f28-a28d-7b7863f63221,b2345e8e-d5d9-49fe-a6bc-2a04432a24e5,1685088829791322222
f04c7b44-5076-4f28-a28d-7b7863f63221,b2345e8e-d5d9-49fe-a6bc-2a04432a24e5,1685088829822122222
f04c7b44-5076-4f28-a28d-7b7863f63221,b2345e8e-d5d9-49fe-a6bc-2a04432a24e5,1685088829862877777
f04c7b44-5076-4f28-a28d-7b7863f63221,b2345e8e-d5d9-49fe-a6bc-2a04432a24e5,1685088829889344444
f04c7b44-5076-4f28-a28d-7b7863f63221,b2345e8e-d5d9-49fe-a6bc-2a04432a24e5,1685088829925311111
f04c7b44-5076-4f28-a28d-7b7863f63221,b2345e8e-d5d9-49fe-a6bc-2a04432a24e5,1685088829960644444
f04c7b44-5076-4f28-a28d-7b7863f63221,b2345e8e-d5d9-49fe-a6bc-2a04432a24e5,1685088829990066666
f04c7b44-5076-4f28-a28d-7b7863f63221,b2345e8e-d5d9-49fe-a6bc-2a04432a24e5,1685088830016222222
f04c7b44-5076-4f28-a28d-7b7863f63221,b2345e8e-d5d9-49fe-a6bc-2a04432a24e5,1685088830052533333
f04c7b44-5076-4f28-a28d-7b7863f63221,b2345e8e-d5d9-49fe-a6bc-2a04432a24e5,1685088830102533333
